<application>
  <component name="UISettings">
    <option name="DISABLE_MNEMONICS" value="true" />
    <option name="DISABLE_MNEMONICS_IN_CONTROLS" value="true" />
    <option name="HIDE_TOOL_STRIPES" value="true" />
    <option name="OVERRIDE_NONIDEA_LAF_FONTS" value="true" />
    <option name="SHOW_ICONS_IN_MENUS" value="false" />
    <option name="SHOW_MAIN_TOOLBAR" value="true" />
    <option name="SHOW_NAVIGATION_BAR_MEMBERS" value="false" />
    <option name="SHOW_NAVIGATION_BAR" value="false" />
    <option name="smoothScrolling" value="false" />
  </component>
</application>